subtree,dim,model,optimizer,train_loss_mean,train_loss_std,test_loss_mean,test_loss_std,test_accuracy_mean,test_accuracy_std,test_precision_mean,test_precision_std,test_recall_mean,test_recall_std,test_f1_mean,test_f1_std,grad_norm_mean,grad_norm_std,avg_param_norm_mean,avg_param_norm_std,max_param_norm_mean,max_param_norm_std,projection_count_mean,projection_count_std,clipping_count_mean,clipping_count_std,runtime_sec_mean,runtime_sec_std
ANIMAL.N.01,2.0,euclidean_lr,adam,0.09640699298299077,0.001167207380327608,0.09687345723311101,0.001764058124582742,0.9511051574012056,0.0,0.0,0.0,0.0,0.0,0.0,0.0,0.012636235620909235,0.0007631104139793425,11.46402390797933,0.5489687994220077,11.46402390797933,0.5489687994220077,0.0,0.0,0.0,0.0,1.151632058667019,0.004818755794977236
ANIMAL.N.01,2.0,euclidean_lr,sgd,0.14575219839683087,0.0002911477342682866,0.14604126413663224,0.00018404572666670067,0.9511051574012056,0.0,0.0,0.0,0.0,0.0,0.0,0.0,0.02157046324828693,0.0004976888390040555,1.6000763575236003,0.012281503152773491,1.6000763575236003,0.012281503152773491,0.0,0.0,0.0,0.0,1.1498852000028517,0.11946676993025328
ANIMAL.N.01,2.0,hyperbolic_mlr,projected_adam,0.03194837349434333,0.006381917555289763,0.21795807157953576,0.3286580453357616,0.9649272361931437,0.040605145575666406,0.6247559629999042,0.37299992919949193,0.7027812370278124,0.42279336017900354,0.6606394067161311,0.3942250333533352,0.6762332178591423,0.4041327940879649,0.6857849359512329,0.02744474284299167,0.8894652724266052,0.06958042003912589,1078.0,895.2312550397244,1.0,1.0,2.1233667003398295,0.1058034147242099
ANIMAL.N.01,2.0,hyperbolic_mlr,projected_sgd,0.04588970783123653,0.02310441657663495,0.04303835580746327,0.02509435044065671,0.9796220747325904,0.018785429017128662,0.9056225691159465,0.08236967988578857,0.689082606890826,0.47519145461017337,0.687458411841186,0.38191396037902936,0.5823212827494667,0.1359707596980235,0.7769611477851868,0.19880736081136274,1.0448923110961914,0.2713545782062585,112.0,140.75510647930327,1.0,1.7320508075688772,2.2171187476681857,0.3413681936986985
ANIMAL.N.01,2.0,hyperbolic_mlr,radam,0.0277640169118214,0.0007973410822452614,0.027316304544607733,0.0007209244558177905,0.9898313341046094,0.00139251009267853,0.8545176928191601,0.009851883357227668,0.9551681195516811,0.04863169163080106,0.9014573987406646,0.016928015383132357,0.5187616996264954,0.07875964735615072,0.6307922601699829,0.039449325521753044,0.8401222825050354,0.004135840063718738,0.0,0.0,0.0,0.0,2.2875519593265685,0.17369073815840816
ANIMAL.N.01,2.0,hyperbolic_mlr,rsgd,0.02935212157639003,0.0008944641093666327,0.028546765446662865,0.001838797270069929,0.9892224319551847,0.0005996990684890752,0.8577720735472661,0.00781583945925905,0.9348277293482772,0.02642722132402989,0.8944348925986999,0.007982596920003719,0.37133918736671895,0.03843118763082022,0.8342998027801514,0.07307358825985992,1.2096952199935913,0.11210703573724978,0.0,0.0,0.0,0.0,2.1855732826613044,0.29162712697753157
ANIMAL.N.01,2.0,logmap_lr,adam,0.09576263066648345,0.0012018828374661934,0.0955546970168749,0.0021653044784550814,0.9511051574012056,0.0,0.0,0.0,0.0,0.0,0.0,0.0,0.05741188152185877,0.003288245179007052,2.1369150479634604,0.10342650977885585,2.1369150479634604,0.10342650977885585,0.0,0.0,0.0,0.0,1.2859141799951128,0.10182550528500184
ANIMAL.N.01,2.0,logmap_lr,sgd,0.1361011182835847,7.409693979863016e-05,0.1365132133165995,0.0006381955032226979,0.9511051574012056,0.0,0.0,0.0,0.0,0.0,0.0,0.0,0.06407290843440823,0.002884578675106217,0.39649032553037006,0.004163950559606614,0.39649032553037006,0.004163950559606614,0.0,0.0,0.0,0.0,1.1094965396720606,0.0025982642198469083
ANIMAL.N.01,3.0,euclidean_lr,adam,0.04606047683266353,0.0016756398530970644,0.045576170086860636,0.0024877691446158153,0.9956362012624571,0.0008311755963970734,0.9353053826612271,0.017074265566147107,0.9788293897882939,0.01867995018679952,0.9563986489559645,0.008348530207625857,0.008440033098890366,0.0004927516897843739,16.470405260721844,0.7550913494997912,16.470405260721844,0.7550913494997912,0.0,0.0,0.0,0.0,1.2800156339944806,0.22241583678863325
ANIMAL.N.01,3.0,euclidean_lr,sgd,0.1361942315806199,0.0008125478744398339,0.13565838833649949,0.0008541711085918456,0.9511051574012056,0.0,0.0,0.0,0.0,0.0,0.0,0.0,0.024418360887535965,0.00022763064384967026,1.8729960123697917,0.032020030691206625,1.8729960123697917,0.032020030691206625,0.0,0.0,0.0,0.0,1.1271486003339912,0.07637177715180223
ANIMAL.N.01,3.0,hyperbolic_mlr,projected_adam,0.009847058581082499,0.006242716377044149,0.007635285456975266,0.0014161030954325028,0.998782195701151,0.0008055018300750469,0.9833860960623237,0.017957474858408574,0.9921129099211291,0.004003175907427572,0.9876570867179434,0.00802747356050537,0.20746121813536225,0.15447255098078938,0.7224593162536621,0.12149446559562332,0.9144096573193868,0.15102661743328577,384.6666666666667,282.9033992961791,0.3333333333333333,0.5773502691896258,2.1336420966739147,0.26306611416202935
ANIMAL.N.01,3.0,hyperbolic_mlr,projected_sgd,0.06792252221861438,0.11159157437769812,0.0682241085451096,0.11094679280127204,0.983275487629138,0.0278607390936581,0.6633462757313392,0.5744868086702534,0.6612702366127023,0.5726771621813415,0.6623034640116159,0.57357370515975,0.2597049201622134,0.21478552129268322,0.6083410183588663,0.11093140528653128,0.8873681227366129,0.10209458288600058,390.6666666666667,155.66095635493613,5.333333333333333,5.773502691896257,1.9273507893376518,0.005308681090047004
ANIMAL.N.01,3.0,hyperbolic_mlr,radam,0.003469548164660933,0.0010633213879538072,0.005575804117446101,0.0026324252122328896,0.9991069435141773,0.00035154981988048614,0.9942138398358457,0.007834907437333423,0.987546699875467,0.007575046737606631,0.9908376640604272,0.003605516335099924,0.07884999718160528,0.02567907441978917,0.5990092158317566,0.06819623221434536,0.7850908041000366,0.04960465226503877,0.0,0.0,0.0,0.0,2.572516480004803,0.30869362245812587
ANIMAL.N.01,3.0,hyperbolic_mlr,rsgd,0.005586114185098734,0.0008943667709297553,0.007520648573214768,0.004781153612657708,0.9992287239440621,0.0005249758329323889,0.9901023741794216,0.007473233671135586,0.9941884599418845,0.0040031759074276125,0.9921360553812506,0.005333864973729795,0.14751479387130514,0.05939001897048409,0.744337280591329,0.18511573619819732,1.1071353952089946,0.21939285175057258,0.0,0.0,0.0,0.0,2.162824159003018,0.13661041347481248
ANIMAL.N.01,3.0,logmap_lr,adam,0.04422346284139417,0.0013278626540982395,0.042443025857210104,0.002142667744115536,0.9929367350666748,0.0007382546217488879,0.9410522168859279,0.010352125579939957,0.9128268991282691,0.01468222431201948,0.9266530804160916,0.0079461982814248,0.0351643077550435,0.0018390326529762432,3.0993898709615073,0.13621247346387994,3.0993898709615073,0.13621247346387994,0.0,0.0,0.0,0.0,1.2298553800016332,0.003356971209304248
ANIMAL.N.01,3.0,logmap_lr,sgd,0.1118071811261709,0.0002545932505759377,0.11089547971884402,0.00025148261140942594,0.9511051574012056,0.0,0.0,0.0,0.0,0.0,0.0,0.0,0.06161062939970086,0.0014067392218720175,0.590462327003479,0.005273019779837541,0.590462327003479,0.005273019779837541,0.0,0.0,0.0,0.0,1.1669099793361968,0.09884421520661973
ANIMAL.N.01,5.0,euclidean_lr,adam,0.025810139397963932,0.0003247749835349415,0.025745803490281067,0.0009023029735417392,0.9947634415149484,0.0015075708948595935,0.9949466530638351,0.0006994760246667239,0.8974678289746784,0.03131536606482731,0.9435029798484816,0.017024544883849226,0.005786618401640066,0.0001600983339983959,19.183883666992188,0.24381199606520731,19.183883666992188,0.24381199606520731,0.0,0.0,0.0,0.0,1.362547764001647,0.23136305461419404
ANIMAL.N.01,5.0,euclidean_lr,sgd,0.1326437370923126,0.002230743819222805,0.13239621122678116,0.0019962417770966866,0.9511051574012056,0.0,0.0,0.0,0.0,0.0,0.0,0.0,0.025005560344613667,0.0006807879160019338,1.9666752417882283,0.09911216648278161,1.9666752417882283,0.09911216648278161,0.0,0.0,0.0,0.0,1.4339636309984296,0.39424713934568273
ANIMAL.N.01,5.0,hyperbolic_mlr,projected_adam,0.003894075969927033,0.00023077476774193613,0.0024843952463318333,0.0017073943200391726,0.9997564391402302,0.00016110036601506183,0.9966914805624483,0.0031223467474238336,0.9983395599833956,0.0014379832358396554,0.99751269226974,0.0016428814943668427,0.08464908021361904,0.03465901394490596,0.7351199785868326,0.010391912607736547,0.9000851710637411,0.041883707471911676,152.33333333333334,162.27856707936922,0.0,0.0,1.998033928995331,0.0068730464897640035
ANIMAL.N.01,5.0,hyperbolic_mlr,projected_sgd,0.007916309275168433,0.008075931799218665,0.009702805662527634,0.0118518543463386,0.9967322251314213,0.005027162424290136,0.9568858940871791,0.06717321755782121,0.9792444997924451,0.03061418691156869,0.967681051352308,0.04951114120771972,0.18510427745314004,0.1798673344701301,0.6622345050175985,0.03015522124441907,0.911105751991272,0.033291058520524865,3.3333333333333335,2.3094010767585034,0.0,0.0,1.949841924002006,0.016494280500209672
ANIMAL.N.01,5.0,hyperbolic_mlr,radam,0.004406338624848333,0.0007684053047299911,0.0054330620914697,0.002501676067164562,0.999492581542146,0.00035154981988032584,0.9921647315912548,0.00497529732938282,0.9975093399750934,0.0021569748537596193,0.9948285058562533,0.003574907738005558,0.10393654842957119,0.04488753784937262,0.7226522962252299,0.21899817581709616,1.2127341628074646,0.4401503507301119,0.0,0.0,0.0,0.0,2.299321695997302,0.09663208395995643
ANIMAL.N.01,5.0,hyperbolic_mlr,rsgd,0.0061913321549878,0.0026492110280307434,0.004814421331199467,0.003771436597794073,0.9995737684954027,0.0001611003660149307,0.9954425210242673,0.002864402383643646,0.995848899958489,0.002592361145038823,0.9956424967574774,0.0016469862159594632,0.12705672284602393,0.0232790122644681,0.7160628239313761,0.10565253737162285,1.0695158044497173,0.08128081400497543,0.0,0.0,0.0,0.0,2.027965330334458,0.005377374124690294
ANIMAL.N.01,5.0,logmap_lr,adam,0.024662820240752798,0.00014334094534116819,0.023443787669142,0.0009189363627641424,0.9949258154214617,0.0006007285955447929,0.9753433948752477,0.00496561009428751,0.9194686591946866,0.009673042920490782,0.9465678398925946,0.006472622306402983,0.022496449964560867,0.0013692030068713384,3.5009121100107827,0.040029576969264125,3.5009121100107827,0.040029576969264125,0.0,0.0,0.0,0.0,1.2247681923327036,0.0025771726201280066
ANIMAL.N.01,5.0,logmap_lr,sgd,0.09353620949161377,4.789314665146754e-05,0.09361369907855983,0.00048057798294206817,0.9603604700724593,0.0014815228716552622,0.8982021768068279,0.032812269961439273,0.21295143212951428,0.024875447516112294,0.3440424691072747,0.03513170398608975,0.0540157081677799,0.0021047298955687017,0.8354930877685547,0.0015832191501051547,0.8354930877685547,0.0015832191501051547,0.0,0.0,0.0,0.0,1.2777540936755636,0.1435255639507884
ANIMAL.N.01,10.0,euclidean_lr,adam,0.003952364372138233,9.248035467625822e-05,0.003691150729233967,0.0001564291675575717,0.9996549554486593,0.00014061992795215918,0.9950413002291052,0.00327210545493426,0.9979244499792445,0.0007189916179198518,0.9964783951976353,0.0014310626964732637,0.001645785161170233,4.020102499480218e-05,24.13991928100586,0.22479762546565354,24.13991928100586,0.22479762546565354,0.0,0.0,0.0,0.0,1.1933495393410947,0.10906978686959246
ANIMAL.N.01,10.0,euclidean_lr,sgd,0.11393452493181307,0.0028557412528117452,0.11293379465738927,0.0023082944867326475,0.9511051574012056,0.0,0.0,0.0,0.0,0.0,0.0,0.0,0.0278760309942111,0.0008951808112797413,2.3805928230285645,0.10270199938071098,2.3805928230285645,0.10270199938071098,0.0,0.0,0.0,0.0,1.1113526536695038,0.03480766020717094
ANIMAL.N.01,10.0,hyperbolic_mlr,projected_adam,0.0011805628985178,0.0007870761978075699,0.024927194307868633,0.038434389896175966,0.9962045099352536,0.006310392709981945,0.9991692623981764,0.0007194402859824081,0.9232046492320465,0.12977948077583218,0.9563588407816658,0.07289214593109723,0.059121723544530234,0.06403493312534408,0.8378034035364786,0.1498064039591806,1.2416109244028728,0.13733585269578827,0.0,0.0,0.0,0.0,2.0831768356632288,0.11528585266121431
ANIMAL.N.01,10.0,hyperbolic_mlr,projected_sgd,0.0008169398256377001,0.00037131109035033885,0.001887334161438,0.0015401279680707291,0.9998579228318011,7.030996397611967e-05,0.9995843724023276,0.0007198881161965442,0.9975093399750934,0.0012453300124534161,0.9985454324025111,0.000720113744164788,0.025323276554729365,0.006051657919471461,0.44142116109530133,0.13556844171902488,0.6036256750424703,0.17518653903139506,0.0,0.0,0.0,0.0,2.1222764326666947,0.10933426602091446
ANIMAL.N.01,10.0,hyperbolic_mlr,radam,0.0014780004541216335,0.0002799574040428137,0.0037320507690310005,0.0013133788132818158,0.9997970326168585,0.00015323701384791966,0.9979280577025346,0.0025851777028083984,0.9979244499792445,0.0007189916179198518,0.9979254816261371,0.0015642878815752888,0.04847145319349013,0.03921373381578992,0.7490999897321066,0.05199967012090465,1.29105011622111,0.14318701334048695,0.0,0.0,0.0,0.0,2.2851156299972595,0.08851951621925484
ANIMAL.N.01,10.0,hyperbolic_mlr,rsgd,0.0010781299113115002,0.00020345538788888015,0.0013695565673211667,0.0007566744244694592,0.9998376260934868,3.515498198811591e-05,0.9991692623981764,0.0007194402859824563,0.9975093399750934,0.0012453300124534161,0.9983380067181938,0.0003608428600727818,0.043605038296725906,0.011249014073218907,0.38761041561762494,0.06742404158644781,0.6149472196896871,0.21925312856271656,0.0,0.0,0.0,0.0,2.043933194664229,0.012917758206638087
ANIMAL.N.01,10.0,logmap_lr,adam,0.005205454926678967,3.876384890783772e-05,0.004583621552834867,0.0002146880794505425,0.999208427205748,0.00010546494596398719,0.9966499082970222,0.0019158961591801272,0.9871315898713159,0.0014379832358397036,0.9918667799893731,0.0010805314327521289,0.0075179510332362,0.00011425821484786712,4.570457140604655,0.03578435027226574,4.570457140604655,0.03578435027226574,0.0,0.0,0.0,0.0,1.4234829163275815,0.3082424281198389
ANIMAL.N.01,10.0,logmap_lr,sgd,0.0479960354316591,7.441635047497737e-05,0.04655688876907027,0.0001859554602118306,0.9986401185329518,0.00012675309014587602,0.9982976879516059,0.0007378285639996138,0.9738480697384807,0.002156974853759427,0.9859206973257392,0.0013229120215317305,0.03424117003889997,0.000688226784876895,1.3154023090998332,0.006945439406591821,1.3154023090998332,0.006945439406591821,0.0,0.0,0.0,0.0,1.277739758991326,0.13257979492343094
GROUP.N.01,2.0,euclidean_lr,adam,0.16297016548179846,0.001114864384717473,0.1625509013732274,0.0015845170086355926,0.8964257443828777,0.0010564057463860169,0.4881039335675798,0.009867419045959874,0.32955449482895777,0.049928368630876414,0.39230151554944,0.03970393153291636,0.0174102202078173,0.0006941171063602486,11.105770111083984,0.37982393073023923,11.105770111083984,0.37982393073023923,0.0,0.0,0.0,0.0,0.5818097973242402,0.08471489801576657
GROUP.N.01,2.0,euclidean_lr,sgd,0.22058168207783213,0.0009390672990568881,0.22019306818644202,0.00022303662761269385,0.8979479997564391,0.0,0.0,0.0,0.0,0.0,0.0,0.0,0.0273049816321565,0.0011341777010826402,2.217226584752401,0.03597430518147396,2.217226584752401,0.03597430518147396,0.0,0.0,0.0,0.0,0.5394752564219137,0.08047266447662459
GROUP.N.01,2.0,hyperbolic_mlr,projected_adam,0.16437603509979706,0.02246157524179036,0.13844773173332212,0.01074330071659449,0.9305039680123404,0.00315827944211661,0.603972909570436,0.013067526671769185,0.9293953858392999,0.04534737049571467,0.7317082958380601,0.013419078465699027,1.6697848983760402,1.075046697141775,0.5106923480828603,0.035139039814610994,0.9476263920466105,0.07965449450121728,2187.3333333333335,2374.222890407161,0.6666666666666666,1.1547005383792517,1.0267705971685548,0.05875480236027952
GROUP.N.01,2.0,hyperbolic_mlr,projected_sgd,0.22040530387408577,0.06193009925727486,0.20991957187652585,0.02317951346076312,0.9136982686882219,0.02728026602272124,0.29321591650358775,0.5078648649720876,0.17879872712808273,0.309688479714483,0.22213985668396344,0.38475751816269355,1.1569181223842648,0.6177751267720187,0.9247004091739655,0.49257149716827775,1.4301188786824544,0.7340639431715671,659.3333333333334,400.08040858474106,5.0,4.0,0.9618620133648316,0.011668125236293075
GROUP.N.01,2.0,hyperbolic_mlr,radam,0.15300702225632312,0.03144547315560646,0.1297996789216995,0.0020248275226062242,0.9374657492540948,0.002164816274082813,0.7070002735669836,0.1446695919649987,0.7917661097852028,0.2699193269472886,0.7080159803901583,0.07634744189132052,1.532417912150169,1.2077240124619422,0.4799325267473857,0.002743072181137873,0.9449831048647562,0.08696799322248858,0.0,0.0,0.0,0.0,1.1318927366907399,0.018004004211306608
GROUP.N.01,2.0,hyperbolic_mlr,rsgd,0.1805191425223902,0.017829062429539893,0.17511531710624695,0.020117190515711137,0.913860642594735,0.01863452818623626,0.3901707894679037,0.3394891641121935,0.5061654733492443,0.4718164666584273,0.4373124116015503,0.3887797597301411,0.7863500730108877,0.34040618111080084,0.826277494430542,0.3598635281462981,1.2548153797785442,0.5824855052845301,0.0,0.0,0.0,0.0,1.1117227614546816,0.16162882193371117
GROUP.N.01,2.0,logmap_lr,adam,0.16436482284507434,0.0008430730199528684,0.16480220357577002,0.0019288036710559692,0.9134141143518236,0.002388728642261857,0.5758699206339977,0.009232110615736262,0.5739856801909308,0.02897943781522883,0.5747979145292232,0.01870712713788594,0.07800156732815393,0.004158173034438506,1.9806723197301228,0.057130899575916785,1.9806723197301228,0.057130899575916785,0.0,0.0,0.0,0.0,0.5891459821723402,0.01877442079859812
GROUP.N.01,2.0,logmap_lr,sgd,0.20469945208731966,0.0005182853828854024,0.2046070694923401,0.0006000195679439773,0.8979479997564391,0.0,0.0,0.0,0.0,0.0,0.0,0.0,0.0858675145297773,0.004171037459064157,0.5327747662862142,0.0035713220243232206,0.5327747662862142,0.0035713220243232206,0.0,0.0,0.0,0.0,0.6675822048758467,0.1863726830391656
GROUP.N.01,3.0,euclidean_lr,adam,0.0400731825101542,0.0005637908460157381,0.03850375488400453,0.0025714109375676556,0.9957782784306562,0.0007440907174826577,0.9835726902360385,0.006317056488984168,0.9749403341288784,0.002734233708207574,0.9792303528914591,0.0036130762409176628,0.0064442100747871675,0.0002072112216645971,16.817795435587566,0.37348380036877565,16.817795435587566,0.37348380036877565,0.0,0.0,0.0,0.0,0.5388383424530426,0.0023453725409250704
GROUP.N.01,3.0,euclidean_lr,sgd,0.1377293475539483,0.001304753014396335,0.13679561018943778,0.0011239302048252579,0.9701232012015669,0.000427678814380337,0.9974967274902893,0.0022053714503747998,0.7090294351630867,0.005733307599602061,0.828868003214526,0.003178758775759587,0.030788955026700232,0.0005144714856566545,3.3549227714538574,0.04128403296706059,3.3549227714538574,0.04128403296706059,0.0,0.0,0.0,0.0,0.48717020731419325,0.005386506111656345
GROUP.N.01,3.0,hyperbolic_mlr,projected_adam,0.0246253816603698,0.005534640914970195,0.021138669302066135,0.003234969687676447,0.9957985751689703,0.0012786945137916372,0.9868115993988321,0.012965779884351058,0.9719570405727924,0.007331864992508656,0.9792793142157487,0.006222228984703538,0.23555205700645168,0.06737057399128475,0.5851048231124878,0.20551278722194788,0.7925324042638143,0.2016125346647978,0.0,0.0,0.0,0.0,1.0454731478045385,0.07291825717885378
GROUP.N.01,3.0,hyperbolic_mlr,projected_sgd,0.023315071541741533,0.0044984111347992186,0.020903735111157035,0.0015077220062476387,0.996407477318395,0.0003222007320301656,0.9967274473431379,0.001529113174373434,0.9679793158313444,0.0038821044741335076,0.9821387817472981,0.0016395259286952303,0.21963037413455386,0.15477096544696387,0.5451017816861471,0.11024511751113408,0.9011965195337931,0.023050259279787662,307.6666666666667,305.6539437555703,2.3333333333333335,2.0816659994661326,0.9495872507492701,0.006261343059503597
GROUP.N.01,3.0,hyperbolic_mlr,radam,0.022663044041425735,0.00228140073584223,0.021199200923244104,0.0042903299425427425,0.994824331729891,0.0023731565816118134,0.9843390598982066,0.022937715288516677,0.9649960222752586,0.001501558161350447,0.974482807935075,0.011369190411693946,0.2375654384207686,0.02148683260462181,0.44792960087458294,0.0911837548825943,0.6205379565556844,0.06262279053927153,0.0,0.0,0.0,0.0,1.1347282111334305,0.019537885896406818
GROUP.N.01,3.0,hyperbolic_mlr,rsgd,0.04122942289079373,0.03215681655174845,0.042305196324984196,0.032124627072693666,0.9894659928149546,0.009612943248792947,0.9560305884268284,0.05725040523482752,0.9409307875894988,0.03678535236706051,0.9483337591346744,0.04663698813092265,0.4156009446356996,0.20579557826791917,0.8124887347221375,0.6231112507029011,1.3883920510609944,1.041083067159085,0.0,0.0,0.0,0.0,1.0771184141437213,0.08339878886643927
GROUP.N.01,3.0,logmap_lr,adam,0.04507882515087863,0.0006059046758266166,0.04397610947489733,0.0025815881376334694,0.9885323428525035,0.0011874892915472765,0.9370165863809802,0.010040493332356378,0.9516706443914081,0.001789976133651644,0.9442704590992316,0.0054948360584870905,0.030416836339197367,0.0005498444079928037,2.8420846462249756,0.02346423107095173,2.8420846462249756,0.02346423107095173,0.0,0.0,0.0,0.0,0.5878188417603573,0.019366999200999224
GROUP.N.01,3.0,logmap_lr,sgd,0.09051114533464548,0.0001586493873531027,0.08996757616599398,0.001297638935061278,0.9816517485640057,0.0002305266332094925,0.8806015229711072,0.003796311014335007,0.9488862370723945,0.0028196990610099277,0.913461527351478,0.0007778616896176066,0.0520747947127495,0.0007663417908023222,0.9969016114870707,0.005641070772291007,0.9969016114870707,0.005641070772291007,0.0,0.0,0.0,0.0,0.6006147788527111,0.07199551988898488
GROUP.N.01,5.0,euclidean_lr,adam,0.0543835601727442,0.000523754848635646,0.05228052660822863,0.0016477070981392784,0.9905214232072904,0.0004883886182189565,0.9861788626307968,0.005699836748392906,0.9200477326968973,0.005369928400954543,0.9519490754297036,0.0024778328902396074,0.0081015553743781,0.00033849922790442734,16.188709894816082,0.1539494186291123,16.188709894816082,0.1539494186291123,0.0,0.0,0.0,0.0,0.5358798275701702,0.00604641906709148
GROUP.N.01,5.0,euclidean_lr,sgd,0.14907934976490525,0.0028827508874291227,0.14705466230710343,0.0023650339396514694,0.963364387342954,0.007487846114770361,1.0,0.0,0.6410103420843277,0.07337285008524645,0.7796348958815124,0.053814929989162055,0.03251467100481037,0.0007832445718376423,3.3148885567982993,0.08544073318218098,3.3148885567982993,0.08544073318218098,0.0,0.0,0.0,0.0,0.542724936734885,0.07945846661203815
GROUP.N.01,5.0,hyperbolic_mlr,projected_adam,0.04634647618031764,0.02292595585098923,0.11205653722087539,0.14613740292366895,0.96178124175445,0.05528423555166381,0.6647746128926751,0.5757124473210158,0.6272871917263325,0.5432862890536349,0.6454770061052133,0.5590077418128189,0.6739395995306695,0.7099846806847332,0.6688650449117025,0.10637824212039691,0.908067544301351,0.08463716595586433,11.333333333333334,19.629909152447276,0.0,0.0,1.0348307287010055,0.011254716022852652
GROUP.N.01,5.0,hyperbolic_mlr,projected_sgd,0.11433076867298965,0.14497503656333674,0.1132227480411529,0.14839857906688236,0.961760945016136,0.0552652753574368,0.6635218714873184,0.574637175943284,0.6282816229116945,0.544108582242602,0.6454200479696309,0.5589541258511004,0.3817564776640927,0.2176770963476459,0.7170767287413279,0.3566398780320004,1.0055577754974365,0.49584825927760573,482.3333333333333,831.0994725863645,2.6666666666666665,4.618802153517007,0.9928629472851753,0.02888766648235916
GROUP.N.01,5.0,hyperbolic_mlr,radam,0.039060282787696764,0.0035312531210596396,0.037565102179845135,0.004181037907573607,0.9894253993383263,0.0013565450739009802,0.9904097898999001,0.004660875556807207,0.9051312649164678,0.009320107011821753,0.9458460263654548,0.00708066078717615,0.5564023127067944,0.3153280916551725,0.7510360876719157,0.07905516728679216,1.143635869026184,0.19783413555927037,0.0,0.0,0.0,0.0,1.1366650263468425,0.005175850677172369
GROUP.N.01,5.0,hyperbolic_mlr,rsgd,0.046019220596729804,0.004790430464972414,0.0398325386146704,0.01117587236496136,0.989770443889667,0.004173978710738268,0.9878576858401509,0.01713839813170046,0.9108989657915673,0.027757992864158837,0.9477507337653147,0.02152799712691697,0.4666257521565173,0.18783010731056898,0.8019092480341593,0.74816134768974,1.178239067395528,1.2860845429243783,0.0,0.0,0.0,0.0,1.105827945129325,0.07101292087672711
GROUP.N.01,5.0,logmap_lr,adam,0.06402465010515486,0.00045778524691096536,0.062129154801368665,0.001708128038990035,0.9849601169092127,0.001815508922349659,0.9531763801510129,0.014292241284070275,0.8967780429594273,0.003912552818796052,0.9241001686749787,0.00878736999664814,0.038057982421618834,0.0020889798629993603,2.7625327905019126,0.034455786230505506,2.7625327905019126,0.034455786230505506,0.0,0.0,0.0,0.0,0.6349550094455481,0.08988654620030792
GROUP.N.01,5.0,logmap_lr,sgd,0.0932630074743656,0.00032219246679850107,0.09119881937901177,0.0010442912166770224,0.9814081877042359,0.0006843944589938957,0.9290639199509712,0.005313367787239259,0.8854415274463007,0.0020668864052134283,0.9067248972584414,0.0032672579865049914,0.05058836059373193,0.0007676786267482316,1.2305230299631755,0.0020561097218226984,1.2305230299631755,0.0020561097218226984,0.0,0.0,0.0,0.0,0.5515355702179173,0.0032622484753998702
GROUP.N.01,10.0,euclidean_lr,adam,0.007299985707885666,0.00011247992462982987,0.005895306821912499,0.00035229217179207257,0.9991069435141773,0.00014061992795212714,0.9997994384275972,0.00034738283344749464,0.9914478918058872,0.0012420441524259992,0.9956059110547836,0.0006939256240090021,0.0022814297451187668,4.447270288432491e-05,20.894229888916012,0.17031291690689668,20.894229888916012,0.17031291690689668,0.0,0.0,0.0,0.0,0.5811746936912338,0.0015689564173269612
GROUP.N.01,10.0,euclidean_lr,sgd,0.09974154864775232,0.0020788316362690255,0.09833348790804543,0.0018487974798718418,0.9934035600479003,0.0010357304448779356,1.0,0.0,0.9353619729514717,0.010149046000137675,0.9665826425350147,0.005417650895270071,0.032272482156794464,0.000727814929754651,3.8215347131093345,0.060590219698397375,3.8215347131093345,0.060590219698397375,0.0,0.0,0.0,0.0,0.4995908255999287,0.005999708576898233
GROUP.N.01,10.0,hyperbolic_mlr,projected_adam,0.0089912107764899,0.0021006179477020322,0.007419766547779166,0.0024084323192470184,0.9987010087478941,0.0003720453587412335,0.9983950235569123,0.0022776221927234314,0.988862370723946,0.0015015581613506068,0.993605593416507,0.001828431563272194,0.07565206735291184,0.003169110347646257,0.9413881897926331,0.09555442416662953,1.4823298454284668,0.11972735579706968,0.0,0.0,0.0,0.0,1.054194182002296,0.038319258734559374
GROUP.N.01,10.0,hyperbolic_mlr,projected_sgd,0.0044040726183001665,0.0022901921431707434,0.0032671088896070667,0.0016520910185670817,0.9995331750187745,0.00030647402769575475,0.9996007948246755,0.00034572647175358886,0.9958233890214796,0.002983293556085953,0.9977070062111163,0.0015079101748774549,0.05815284626880927,0.03671926750677058,0.2824342946211496,0.06664786705201076,0.4665352702140808,0.10088557881630573,0.0,0.0,0.0,0.0,1.0492047940691311,0.08540202361781071
GROUP.N.01,10.0,hyperbolic_mlr,radam,0.008662088584493867,0.0012128507316100743,0.005978652741760001,0.0018484267671741753,0.999208427205748,0.0004833010980450701,0.999800876144962,0.0003448926339246017,0.992442322991249,0.005074523000068703,0.9961030790075679,0.002384051885466216,0.0873815056262428,0.023870403931797096,0.5765624443689982,0.09288888795011532,1.002743939558665,0.23540274496031768,0.0,0.0,0.0,0.0,1.182882751027743,0.005511561396578189
GROUP.N.01,10.0,hyperbolic_mlr,rsgd,0.0060328597759543336,0.003337969114738718,0.004268885318500233,0.002600474983331731,0.9994316913272038,0.0003720453587413031,0.9996022275258553,0.0006889621350711508,0.9948289578361177,0.004190793060004913,0.9972060583368045,0.0018346891839712497,0.0794958045961183,0.05421023198520227,0.3682363033294678,0.1380510458839245,0.6704758405685425,0.1906615399827749,0.0,0.0,0.0,0.0,1.135599589285751,0.09627530840011045
GROUP.N.01,10.0,logmap_lr,adam,0.0078552628945831,0.00013218651685209607,0.006530675726632199,0.0004405651981960857,0.9987010087478941,9.301133968530078e-05,0.99979883323275,0.0003484310616714669,0.9874701670644392,0.0010334432026067662,0.99359599576681,0.00046204633193936887,0.008605563850629466,0.0003180640130929426,4.663934548695882,0.03977875136772814,4.663934548695882,0.03977875136772814,0.0,0.0,0.0,0.0,0.5878401704442998,0.001318830105066423
GROUP.N.01,10.0,logmap_lr,sgd,0.03340723932425433,7.617925493444502e-05,0.03243716433644293,0.00019783494169845828,0.9974020174957884,0.00015323701384786453,0.9997964997964998,0.0003524726918129651,0.9747414478918061,0.0018228224721384201,0.9871092107415823,0.0007740121259190637,0.026776233071135566,0.00021639804186012496,1.6714161237080891,0.004318172224055694,1.6714161237080891,0.004318172224055694,0.0,0.0,0.0,0.0,0.6037181934031347,0.09230082120227572
MAMMAL.N.01,2.0,euclidean_lr,adam,0.05023471614081151,0.00045011811077651454,0.0502091546853383,0.00034646472564506573,0.9856299092735797,0.0,0.0,0.0,0.0,0.0,0.0,0.0,0.008329601227456166,0.0002580425866598359,6.969223340352376,0.4463111904754533,6.969223340352376,0.4463111904754533,0.0,0.0,0.0,0.0,1.2231156096580282,0.10937432754278568
MAMMAL.N.01,2.0,euclidean_lr,sgd,0.06909248640922923,0.0001461221582287473,0.0688346177339553,0.0002219014284267236,0.9856299092735797,0.0,0.0,0.0,0.0,0.0,0.0,0.0,0.0148471054432908,0.00013019498680419156,0.6847288211186727,0.021437759483674455,0.6847288211186727,0.021437759483674455,0.0,0.0,0.0,0.0,1.1117340473380561,0.06119422560477643
MAMMAL.N.01,2.0,hyperbolic_mlr,projected_adam,0.04372195613326337,0.02172214633999877,0.026000654324889166,0.008154373601878559,0.9881872983011629,0.0043769011447305365,0.564499484004128,0.5123285569928698,0.3177966101694915,0.5467743807997908,0.2699566485259744,0.4602897395951881,0.7747397781765694,0.9385326900849267,0.6724590261777242,0.06882496334463908,0.9648463726043701,0.060870576308836084,6396.0,550.010908982722,13.333333333333334,2.8867513459481287,1.9958873876797345,0.006677322907492503
MAMMAL.N.01,2.0,hyperbolic_mlr,projected_sgd,0.10421312867440687,0.07821999889736132,0.0655830738445123,0.019568990745419235,0.9855893157969513,3.5154981988003746e-05,0.0,0.0,0.0,0.0,0.0,0.0,0.39708335644266407,0.2502775567116499,1.1685297687848408,0.27083616404211885,1.440816879272461,0.47467744844313203,1581.3333333333333,1834.08324056825,9.666666666666666,8.504900548115383,1.9169307793393575,0.0017869919002789759
MAMMAL.N.01,2.0,hyperbolic_mlr,radam,0.0087333633427532,0.006628921131249795,0.008635343362887666,0.005963946769753876,0.9966510381781647,0.0034016873222829877,0.8864302686565821,0.16974396199370556,0.9110169491525424,0.037661840751337244,0.8930826025161668,0.09858342385054121,0.6178960918862925,0.11656354154320613,0.6587079564730326,0.04503745085797265,0.9615856011708578,0.018641960165621516,0.0,0.0,0.0,0.0,1.9959373680176213,0.5515556440190725
MAMMAL.N.01,2.0,hyperbolic_mlr,rsgd,0.0376992158638021,0.00048674058515964024,0.03736689314246173,0.0007593133776504362,0.9856299092735797,0.0,0.0,0.0,0.0,0.0,0.0,0.0,0.20801870519105903,0.004376640487764512,0.9731167356173197,0.009478158397411559,1.3526827891667683,0.0237971910651772,0.0,0.0,0.0,0.0,1.7709786879907672,0.4247474906212074
MAMMAL.N.01,2.0,logmap_lr,adam,0.049689745768358995,0.00043429515940847336,0.0499840714037418,0.0005220566110089666,0.9856299092735797,0.0,0.0,0.0,0.0,0.0,0.0,0.0,0.036253549112335665,0.0017256765081965304,1.279095967610677,0.09720726473228368,1.279095967610677,0.09720726473228368,0.0,0.0,0.0,0.0,1.2734947983408347,0.10124403261247508
MAMMAL.N.01,2.0,logmap_lr,sgd,0.0658113499664998,0.00015978995994422564,0.06553871184587473,4.75161307666293e-05,0.9856299092735797,0.0,0.0,0.0,0.0,0.0,0.0,0.0,0.04012420614656174,0.0009672541820874648,0.2029464741547902,0.004823634904513472,0.2029464741547902,0.004823634904513472,0.0,0.0,0.0,0.0,1.10525213634052,0.006432826183029057
MAMMAL.N.01,3.0,euclidean_lr,adam,0.0380791395913181,0.0005821179521964728,0.038087668518225294,0.0007745436875157565,0.9856299092735797,0.0,0.0,0.0,0.0,0.0,0.0,0.0,0.0078032718974043,0.0003826861389939648,9.51867930094401,0.5215392257456131,9.51867930094401,0.5215392257456131,0.0,0.0,0.0,0.0,1.3556432933352578,0.15371580132926452
MAMMAL.N.01,3.0,euclidean_lr,sgd,0.06897031944745263,0.0004197087896781411,0.06867649902900054,0.00046934522839370057,0.9856299092735797,0.0,0.0,0.0,0.0,0.0,0.0,0.0,0.0154554553180126,0.00028345600894109967,0.7213130195935568,0.032002131793710795,0.7213130195935568,0.032002131793710795,0.0,0.0,0.0,0.0,1.109839074012901,0.02081334823374755
MAMMAL.N.01,3.0,hyperbolic_mlr,projected_adam,0.026750804524476732,0.006084156090854411,0.02499082436164213,0.005548611212350701,0.985934360348292,0.0005273247298207052,0.18095238095238095,0.31341871756008255,0.13418079096045196,0.23240794734328155,0.154095701540957,0.26690158429690725,0.29965073347409843,0.17976754929089056,0.7188733816146851,0.00982582087638877,0.9175152778625488,0.13860717905188225,2562.0,503.9116986139536,2.3333333333333335,1.1547005383792515,2.180717919002442,0.2179062783852261
MAMMAL.N.01,3.0,hyperbolic_mlr,projected_sgd,0.05374696479120003,0.03652341919797763,0.049968290297935335,0.039536848803825006,0.9902372688708924,0.007980180911285752,0.3276595744680851,0.5675230305651214,0.32627118644067793,0.565118271961032,0.32696390658174096,0.5663180984407793,0.2964980891183123,0.0781288995080064,0.6339306036631266,0.10978954185812122,0.9708179434140524,0.04602640682769265,4.666666666666667,6.429100507328637,0.0,0.0,2.088061697994514,0.1718773901626479
MAMMAL.N.01,3.0,hyperbolic_mlr,radam,0.005629157790731233,0.0017893860802287705,0.004190395586192566,0.0032383434366580225,0.99868071200958,0.001131531783861409,0.9278257639285732,0.06514161528880792,0.9887005649717514,0.0024463994457187385,0.956515411078538,0.03573162966473486,0.5309185588559094,0.3753470664095494,0.7369777162869772,0.045479566488933504,0.972136914730072,0.07705021956148257,0.0,0.0,0.0,0.0,2.3273914926782404,0.1773698961499032
MAMMAL.N.01,3.0,hyperbolic_mlr,rsgd,0.019100276573049135,0.003145883061474951,0.018908341104785533,0.0037829621038627448,0.991110028618401,0.0022181094319049703,0.6836602180220694,0.06993475862691999,0.711864406779661,0.1193231172909214,0.6950023514668734,0.08523612973883758,0.21289881485841153,0.0352645285423718,0.7586281299591064,0.04840324528254521,1.0340281923611958,0.09390650768897342,0.0,0.0,0.0,0.0,2.1524089439966096,0.14165340792645695
MAMMAL.N.01,3.0,logmap_lr,adam,0.035332228780421394,0.0006478640631052342,0.03566320364673927,0.0011321552572664928,0.9856299092735797,0.0,0.0,0.0,0.0,0.0,0.0,0.0,0.03320908455395207,0.0014547026994355693,1.8511354128519695,0.12912376282124458,1.8511354128519695,0.12912376282124458,0.0,0.0,0.0,0.0,1.2797688940093697,0.0864473455163578
MAMMAL.N.01,3.0,logmap_lr,sgd,0.061889762537322,0.0001543651696379934,0.06158896908164017,9.6981789896081e-05,0.9856299092735797,0.0,0.0,0.0,0.0,0.0,0.0,0.0,0.0398933416727569,0.0018584063498615132,0.29855359594027203,0.0036907738424834108,0.29855359594027203,0.0036907738424834108,0.0,0.0,0.0,0.0,1.2144719569963247,0.09054846815852338
MAMMAL.N.01,5.0,euclidean_lr,adam,0.027939863214730267,0.0002066642403417283,0.027543629209200466,0.0002980812917781015,0.984615072357872,0.0005525039107273548,0.0,0.0,0.0,0.0,0.0,0.0,0.006800428197527734,0.00014152586167553652,12.649031321207682,0.14715482766555493,12.649031321207682,0.14715482766555493,0.0,0.0,0.0,0.0,1.2007187193376012,0.09564506936539684
MAMMAL.N.01,5.0,euclidean_lr,sgd,0.06791374609973704,0.0008278930641224021,0.06756681203842159,0.0008867499830330914,0.9856299092735797,0.0,0.0,0.0,0.0,0.0,0.0,0.0,0.015516578183172501,0.0002665206966873176,0.8194311857223511,0.10104929127725208,0.8194311857223511,0.10104929127725208,0.0,0.0,0.0,0.0,1.1790469549984361,0.06596580943100783
MAMMAL.N.01,5.0,hyperbolic_mlr,projected_adam,0.007079312109566367,0.009390296304485377,0.005057477334048533,0.007453876102783705,0.9990866467758631,0.0012132289377806426,0.9562805979039853,0.05793855134531183,0.9830508474576272,0.022421621280208397,0.9692253971652356,0.04052232906969713,0.2478029636285484,0.2807356764175567,0.8424510757128397,0.07161758598405762,1.0215933918952942,0.1484780584154873,1482.6666666666667,1808.8121332336682,2.3333333333333335,4.041451884327381,2.0133592876663897,0.004648217505528072
MAMMAL.N.01,5.0,hyperbolic_mlr,projected_sgd,0.0240558810759896,0.040356422200721165,0.02550421705624703,0.043264351479183755,0.9951287828046033,0.008226491134564142,0.6624472573839663,0.5737000326523678,0.6652542372881356,0.5761309649941151,0.66384778012685,0.57491292912732,0.303452309975923,0.46279273775622365,0.6401247282822927,0.2708838755214384,1.1074158151944478,0.34707209347600826,36.666666666666664,63.50852961085884,0.6666666666666666,1.1547005383792517,2.003228662341523,0.13056301698416445
MAMMAL.N.01,5.0,hyperbolic_mlr,radam,0.008163035306189666,0.011400895365158864,0.008210231802271,0.01217180562856956,0.9970366762061337,0.0046589304844495616,0.8922650916906848,0.16479217717543185,0.9053672316384181,0.152914643049601,0.8987253308713421,0.1589891281308688,0.13291544863063923,0.027130981093412884,0.8209962447484335,0.05915096343359009,1.1287502845128377,0.070212041382104,0.0,0.0,0.0,0.0,2.3091093993377094,0.1636001909965513
MAMMAL.N.01,5.0,hyperbolic_mlr,rsgd,0.014091590692895102,0.009846919788295758,0.013427705659220567,0.009792034609199316,0.9945807708701212,0.005224862999569082,0.8440094701698896,0.03938455934271885,0.7471751412429378,0.4122237510768076,0.74951250681824,0.2983736679122088,0.16181379832958367,0.021609835818377693,0.6733396053314209,0.21597378442054865,0.9558148582776388,0.390831460210325,0.0,0.0,0.0,0.0,2.0317656230084444,0.0019807269267610563
MAMMAL.N.01,5.0,logmap_lr,adam,0.02523331919555667,0.00029794515427509854,0.024810300519069,0.00035377077765836966,0.9881670015628489,0.002968879336414625,0.6881803047765399,0.15619267150081007,0.2740112994350282,0.1946540868827841,0.38019642810981874,0.2187206255022052,0.027424966229370535,0.0005227336788189647,2.4751537640889487,0.038198635208940866,2.4751537640889487,0.038198635208940866,0.0,0.0,0.0,0.0,1.22274772633682,0.005675195564270574
MAMMAL.N.01,5.0,logmap_lr,sgd,0.0563868251718678,6.978623954901875e-05,0.05595107128222777,0.00013325654014630924,0.9856299092735797,0.0,0.0,0.0,0.0,0.0,0.0,0.0,0.03830424142847603,0.0013404714991335919,0.47017219662666315,0.001958676876486784,0.47017219662666315,0.001958676876486784,0.0,0.0,0.0,0.0,1.2092684996702399,0.16223036784019867
MAMMAL.N.01,10.0,euclidean_lr,adam,0.018458550983447466,0.0001976320139195619,0.018172505001227,0.0003148087630467256,0.9919421948892814,0.0010121949006305882,0.8873099709367315,0.01603096679614582,0.5028248587570622,0.07464525571595378,0.6398557148684696,0.0643298204762959,0.0052073694085701,0.00028074965707833863,16.791547775268555,0.25951158131308966,16.791547775268555,0.25951158131308966,0.0,0.0,0.0,0.0,1.150544224656187,0.005687208015314669
MAMMAL.N.01,10.0,euclidean_lr,sgd,0.06606341157080643,0.0012867761388110953,0.0657358194390932,0.0013046293654655828,0.9856299092735797,0.0,0.0,0.0,0.0,0.0,0.0,0.0,0.016496050134023433,0.00018323621969212339,0.9553577303886414,0.10437784399302753,0.9553577303886414,0.10437784399302753,0.0,0.0,0.0,0.0,1.0738136933359783,0.019748915784894246
MAMMAL.N.01,10.0,hyperbolic_mlr,projected_adam,0.014152322835267702,0.015865386089828806,0.016657362924888664,0.014906070152520875,0.9922060524873652,0.0072244129496850515,0.6547338811162929,0.5671811680515045,0.4632768361581921,0.5040295351342585,0.5179256912552774,0.5000250714352172,0.22004129757010515,0.03735605958459097,0.9292120734850565,0.1547292060965941,1.2115456660588582,0.2981663820552996,484.3333333333333,357.87753957650557,1.3333333333333333,1.5275252316519465,2.1140849573227265,0.16548251068845954
MAMMAL.N.01,10.0,hyperbolic_mlr,projected_sgd,0.015228543692689634,0.012687741625376113,0.013549423204191634,0.012646644123332412,0.9929367350666748,0.0074298538685143,0.6067236115399129,0.5323803324178644,0.5720338983050848,0.5153315898672252,0.5881085814640632,0.5222983647647077,0.17208037431137402,0.1049340728846075,0.8016169865926107,0.3691549777141444,1.1635727485020955,0.6191700534544596,817.0,1414.219572767963,2.3333333333333335,4.041451884327381,2.094709184670743,0.06859382799274938
MAMMAL.N.01,10.0,hyperbolic_mlr,radam,0.0032921209547832,0.0014081394628514576,0.0029501177680988666,0.001067497806255454,0.9989648663459784,0.0004390855842981152,0.9474748155462048,0.02663045426123084,0.9830508474576272,0.012711864406779697,0.9647645863939202,0.014453538643934978,0.156864289763354,0.02189619546131039,1.0217795372009277,0.21904332827944475,1.757083813349406,0.4786495959024784,0.0,0.0,0.0,0.0,2.290624386330213,0.11940861659401424
MAMMAL.N.01,10.0,hyperbolic_mlr,rsgd,0.013160235262159767,0.015291083056198926,0.012858145171776365,0.016259867410004163,0.9943981002252938,0.007804406001345437,0.625285056581042,0.541584140383792,0.6596045197740112,0.5713324848079954,0.641921768707483,0.555920690637408,0.19663957230563164,0.06432033586880533,0.6211477518081665,0.11618523796046216,0.9423889716466268,0.1386365962576092,0.0,0.0,0.0,0.0,2.1925316103346026,0.13702601055860306
MAMMAL.N.01,10.0,logmap_lr,adam,0.014357561702554934,0.00016987696889312213,0.013851709353427033,0.00032732307788961714,0.9973208305425318,0.00037038071791375624,0.9459913112164298,0.013944890267979815,0.8629943502824858,0.025541160056532616,0.9024089744836754,0.01448927161911424,0.0180931520764636,0.0006024049783891693,4.041360219319661,0.08034559139629877,4.041360219319661,0.08034559139629877,0.0,0.0,0.0,0.0,1.2256798283294,0.0020695811577183007
MAMMAL.N.01,10.0,logmap_lr,sgd,0.047315847963302134,0.0002284072879507473,0.0471709618965784,0.0006709284561804916,0.9856299092735797,0.0,0.0,0.0,0.0,0.0,0.0,0.0,0.0364642634276538,0.0014157392313752743,0.6370843251546224,0.00376454319596979,0.6370843251546224,0.00376454319596979,0.0,0.0,0.0,0.0,1.1080294696633548,0.00255070976922001
WORKER.N.01,2.0,euclidean_lr,adam,0.046672600072635066,0.0003632939925159892,0.04627373193701103,0.00017230190645064632,0.9864214820678315,0.0,0.0,0.0,0.0,0.0,0.0,0.0,0.0081135019982108,0.0004875144348449682,6.702150821685791,0.30415306454211716,6.702150821685791,0.30415306454211716,0.0,0.0,0.0,0.0,0.6410931864132484,0.09295325997465531
WORKER.N.01,2.0,euclidean_lr,sgd,0.06630575384017451,0.0003426933346925828,0.06599795818328853,0.0003979720297308559,0.9864214820678315,0.0,0.0,0.0,0.0,0.0,0.0,0.0,0.014884233660243865,0.0003285278868685936,0.665322740872701,0.031455761698764566,0.665322740872701,0.031455761698764566,0.0,0.0,0.0,0.0,0.5509968547460934,0.10103878356140461
WORKER.N.01,2.0,hyperbolic_mlr,projected_adam,0.046877182983292166,0.012588836972658423,0.04922270899017647,0.020675136083902847,0.9863808885912033,7.030996397600749e-05,0.0,0.0,0.0,0.0,0.0,0.0,0.9074110211247443,0.7076306577391308,0.6192975044250488,0.0746534963679565,0.9864603678385416,0.01265823721901577,3755.3333333333335,325.825617981971,8.333333333333334,3.055050463303893,0.9729139449385306,0.0010649226625685448
WORKER.N.01,2.0,hyperbolic_mlr,projected_sgd,0.060459826373722304,0.02009451492547642,0.059575505554675966,0.0213498742569343,0.9864214820678315,0.0,0.0,0.0,0.0,0.0,0.0,0.0,0.2328970240606699,0.0075631435295899305,0.7644212444623312,0.37908497279771625,1.2139196991920471,0.3705370801512251,790.6666666666666,1261.0893439139566,7.0,9.643650760992955,0.9391434046750268,0.005579962212107068
WORKER.N.01,2.0,hyperbolic_mlr,radam,0.0180181111600477,0.0005230624298508157,0.018670399673283034,0.0040726134857742395,0.9924902068237634,0.0014114626763858421,0.6781680349413631,0.01639664514144159,0.8475336322869955,0.16049802841411012,0.749266247379455,0.07352126833108183,0.5955436912025077,0.11576729675081136,0.5664650599161783,0.003392651664969091,0.9726139704386393,0.0162006097163651,0.0,0.0,0.0,0.0,1.134947882189105,0.07886040216855811
WORKER.N.01,2.0,hyperbolic_mlr,rsgd,0.04188221390386034,0.004833978827688935,0.03991189971566197,0.004243458484642735,0.9864214820678315,0.0,0.0,0.0,0.0,0.0,0.0,0.0,0.19596423221897993,0.0065527380438814,1.0637942949930828,0.18974300983456882,1.5244598388671875,0.351106536184183,0.0,0.0,0.0,0.0,1.003438061568886,0.011872388289920517
WORKER.N.01,2.0,logmap_lr,adam,0.0460785087066455,0.000376650439737894,0.04623217880725857,0.00032747231044926437,0.9864214820678315,0.0,0.0,0.0,0.0,0.0,0.0,0.0,0.035694884390768566,0.002076262010752217,1.230417807896932,0.05734544883088769,1.230417807896932,0.05734544883088769,0.0,0.0,0.0,0.0,0.6181889042879144,0.08624688820951572
WORKER.N.01,2.0,logmap_lr,sgd,0.062200452786696336,0.00014207756911020647,0.06177643934885657,0.0001772793542011321,0.9864214820678315,0.0,0.0,0.0,0.0,0.0,0.0,0.0,0.03911386621142973,0.0016658760666563661,0.22033218542734775,0.0009205435274530154,0.22033218542734775,0.0009205435274530154,0.0,0.0,0.0,0.0,0.5349717033095658,0.002043458797797057
WORKER.N.01,3.0,euclidean_lr,adam,0.046376885850302335,0.0004421649292401623,0.045903372267882,0.00020218695316507639,0.9864214820678315,0.0,0.0,0.0,0.0,0.0,0.0,0.0,0.007557076048333367,3.291308324477906e-05,7.3302788734436035,0.3965857760776284,7.3302788734436035,0.3965857760776284,0.0,0.0,0.0,0.0,0.5329182338900864,0.0022267369925229167
WORKER.N.01,3.0,euclidean_lr,sgd,0.06706675965259627,0.00023942677496480386,0.0667678092916806,0.0002440199375479661,0.9864214820678315,0.0,0.0,0.0,0.0,0.0,0.0,0.0,0.014543075141627998,0.00010034047081011135,0.6472405989964803,0.05067207971054495,0.6472405989964803,0.05067207971054495,0.0,0.0,0.0,0.0,0.49381810799241066,0.0047035032038245375
WORKER.N.01,3.0,hyperbolic_mlr,projected_adam,0.036913439348193966,0.008243895836706963,0.026392402748266833,0.009133716881611667,0.9900140047494367,0.0035624678746416635,0.42646242646242644,0.3737421539313643,0.6263079222720479,0.5425144157693951,0.5061569038570742,0.4398966735754023,0.346477400378236,0.16584193438784212,0.5977389613787333,0.06320189606703447,0.8829912741978964,0.04469121081623855,2551.6666666666665,958.5021300619699,4.0,4.358898943540674,0.9865467286047837,0.009745018925501829
WORKER.N.01,3.0,hyperbolic_mlr,projected_sgd,0.06741581232145197,0.007935178478928285,0.06690240651369093,0.007872257020636875,0.9864214820678315,0.0,0.0,0.0,0.0,0.0,0.0,0.0,0.21995506306289916,0.01069688834429907,0.5199225346247355,0.025382550225326032,0.9999075531959534,0.00014283015396792745,224.0,241.57607497432357,2.0,1.0,0.9483590358868241,0.011197569714476033
WORKER.N.01,3.0,hyperbolic_mlr,radam,0.018879099374421036,0.00894746244461437,0.018467854087551368,0.012371956855872054,0.9941545393655239,0.006697646864247496,0.6335826876836762,0.5494815839445208,0.6023916292974589,0.523077079277959,0.6167704923802485,0.5341738381157719,0.448218817098711,0.1428626112105008,0.6325473388036092,0.08042250024457684,0.9105454087257385,0.040842611967758055,0.0,0.0,0.0,0.0,1.1175398286432028,0.030120038824987178
WORKER.N.01,3.0,hyperbolic_mlr,rsgd,0.038714901570693204,0.004576720182564123,0.037255994975566836,0.004455357741723966,0.9864214820678315,0.0,0.0,0.0,0.0,0.0,0.0,0.0,0.21810796587758655,0.0232562578667671,0.8144732117652893,0.05831462847795774,1.0849497318267822,0.11084066985978991,0.0,0.0,0.0,0.0,1.0584394799855847,0.06851176716199305
WORKER.N.01,3.0,logmap_lr,adam,0.04570656043491853,0.00043497649107286564,0.04504947861035657,9.205713712664923e-05,0.9864214820678315,0.0,0.0,0.0,0.0,0.0,0.0,0.0,0.033508885696058,0.0003992681082508273,1.3454844156901042,0.09296004722932726,1.3454844156901042,0.09296004722932726,0.0,0.0,0.0,0.0,0.5771393257503709,0.003427504177366327
WORKER.N.01,3.0,logmap_lr,sgd,0.06256495971861657,0.00011538745522102895,0.06213063622514403,0.00014786278467748002,0.9864214820678315,0.0,0.0,0.0,0.0,0.0,0.0,0.0,0.03680516390695004,0.00028741345379175437,0.2344900767008463,0.003145389614233069,0.2344900767008463,0.003145389614233069,0.0,0.0,0.0,0.0,0.5928901960141957,0.08917300891334344
WORKER.N.01,5.0,euclidean_lr,adam,0.02723636934015583,0.00030952899346270007,0.0264813769608736,4.848060895048422e-05,0.9864214820678315,0.0,0.0,0.0,0.0,0.0,0.0,0.0,0.0066200602830709,0.00019859444374239986,12.172051111857096,0.2200716089658175,12.172051111857096,0.2200716089658175,0.0,0.0,0.0,0.0,0.5908488668501377,0.0823319424468364
WORKER.N.01,5.0,euclidean_lr,sgd,0.06552907400185999,0.0009598910599094428,0.06521621843179064,0.0009622411068833263,0.9864214820678315,0.0,0.0,0.0,0.0,0.0,0.0,0.0,0.015422778062503433,0.0001757906384100523,0.7914013862609863,0.1275009054054539,0.7914013862609863,0.1275009054054539,0.0,0.0,0.0,0.0,0.544234129289786,0.08109622505638753
WORKER.N.01,5.0,hyperbolic_mlr,projected_adam,0.008854444141561167,0.0018766274469011958,0.0066672034251193,0.0015867979842335179,0.9991272402524913,0.00019573465588886807,0.9728957200478675,0.00857971046255809,0.9626307922272047,0.01574836136450337,0.967662786141759,0.007478056449911533,0.19274675151976609,0.09882380351558641,0.6589684883753458,0.05488073211396928,0.873551627000173,0.03681217653552666,1748.6666666666667,630.6459651288775,2.3333333333333335,0.5773502691896258,1.1342471290069323,0.1971302843158964
WORKER.N.01,5.0,hyperbolic_mlr,projected_sgd,0.03390899980865193,0.021829809937785757,0.0317013626918196,0.022592293343705223,0.990318455824149,0.00755455942583338,0.32,0.5542562584220407,0.32286995515695066,0.5592271665693237,0.32142857142857145,0.5567306167185678,0.22539327897975336,0.03667331975574215,0.7055401007334391,0.05842503956858779,0.9221570690472921,0.08483870933597264,98.66666666666667,158.08331136882646,2.0,3.4641016151377544,1.0800929094354312,0.19269177895653627
WORKER.N.01,5.0,hyperbolic_mlr,radam,0.014108809578554335,0.008999227859943611,0.0138663716303805,0.007958628301028649,0.9958391686455986,0.005001282711554362,0.9651165069473024,0.039166921220621716,0.7294469357249627,0.39873347452446867,0.7769372098896543,0.30580531815265577,0.21162766949929668,0.08973311426734565,0.6151697834332784,0.20919839089518366,0.8997852206230164,0.18319976081021072,0.0,0.0,0.0,0.0,1.1801947425119579,0.10433151273834833
WORKER.N.01,5.0,hyperbolic_mlr,rsgd,0.08186455753300693,0.11829695204597317,0.03026982334752873,0.02769385477741875,0.9943778034869796,0.0069035470005719335,0.61642140781704,0.5343107376592547,0.6382660687593423,0.5527955554509019,0.6271065825650979,0.5432944696533366,1.0389098984840535,1.4299516967453165,0.8591476281483968,0.09097088164809616,1.2952942848205566,0.15000399706803064,0.0,0.0,0.0,0.0,1.0385117707774043,0.019519581711180217
WORKER.N.01,5.0,logmap_lr,adam,0.025511523325314266,0.00025772680761070575,0.02442800501982363,5.654575935049002e-05,0.9891006515252999,0.0006586283764472537,1.0,0.0,0.19730941704035868,0.048505174109381016,0.3277858606065658,0.06673749734212485,0.025890574876855532,0.0010008035391283192,2.3875722885131836,0.032278934901069506,2.3875722885131836,0.032278934901069506,0.0,0.0,0.0,0.0,0.579649955034256,0.0016517227244352416
WORKER.N.01,5.0,logmap_lr,sgd,0.05703720798318873,4.3406999281717016e-05,0.05655085916320477,3.453859989364109e-05,0.9864214820678315,0.0,0.0,0.0,0.0,0.0,0.0,0.0,0.0382598226020925,0.0003629811057261088,0.3886932035287221,0.001239592301905222,0.3886932035287221,0.001239592301905222,0.0,0.0,0.0,0.0,0.6523631998958687,0.08972952875107952
WORKER.N.01,10.0,euclidean_lr,adam,0.013225177122850533,0.00037449554718823713,0.012754637127121235,0.00039558703492112,0.9962856968885099,0.0001826706448272708,0.9474736405091546,0.026270916034631393,0.7698056801195814,0.016977304471749645,0.8491399180273153,0.006572556772309152,0.004112477144275233,0.00022662932130139128,19.83591651916504,0.3522344313246566,19.83591651916504,0.3522344313246566,0.0,0.0,0.0,0.0,0.5482485983520746,0.010564430455650895
WORKER.N.01,10.0,euclidean_lr,sgd,0.06578754662238567,0.0003502808615480869,0.06548070907592769,0.00031627535056009346,0.9864214820678315,0.0,0.0,0.0,0.0,0.0,0.0,0.0,0.015462057674812499,7.401488840612915e-05,0.798718253771464,0.05037283424159291,0.798718253771464,0.05037283424159291,0.0,0.0,0.0,0.0,0.550229398223261,0.08452238536801655
WORKER.N.01,10.0,hyperbolic_mlr,projected_adam,0.016223417980160734,0.006399806881878291,0.008944845758378435,0.002988725745901511,0.9987010087478941,0.00017577490994024307,0.9456706233204843,0.031527894935292705,0.961136023916293,0.037339300438854445,0.9525322808830379,0.006868166804000725,0.24540560020089353,0.03504484682137226,0.9041057825088501,0.039787606262656657,1.2063344319661458,0.1547781752696678,175.66666666666666,230.75167027203364,0.3333333333333333,0.5773502691896258,1.0377112062027056,0.0336659956004291
WORKER.N.01,10.0,hyperbolic_mlr,projected_sgd,0.0047348684317032,0.0010887951761626602,0.005031037920465,0.0010957504723605753,0.9987821957011508,0.00012178042988487958,0.9466717303999048,0.02255299295956894,0.9656203288490284,0.03244026070883502,0.955529779774526,0.005559290976339171,0.09850380407986586,0.026985087529982184,0.5923108756542206,0.2832763334116807,0.9661811391512553,0.47899959735585446,3.3333333333333335,5.773502691896257,0.0,0.0,1.0562140772429605,0.07926547269843105
WORKER.N.01,10.0,hyperbolic_mlr,radam,0.007392101413186233,0.0024492984352203644,0.007619593447695133,0.002753665680826564,0.9988430859160933,0.00018267064482729856,0.9506448101322067,0.018812193605768714,0.9656203288490284,0.03244026070883502,0.9576260242546891,0.007716544797299281,0.18777983203635026,0.06122696547057541,0.924487849076589,0.17497110455613538,1.5123803615570068,0.29334876082612854,0.0,0.0,0.0,0.0,1.200729596739014,0.06982574053299516
WORKER.N.01,10.0,hyperbolic_mlr,rsgd,0.008218976233759065,0.0028680588190327714,0.0077282000953952,0.003108279719940528,0.9987010087478941,0.00017577490994024307,0.9302903558222707,0.005092105483851131,0.9775784753363229,0.0077670439801293565,0.9533474116047,0.0063663938028039125,0.15307905325966167,0.018167607727825764,0.6088078121344248,0.2600653122409562,0.9725394944349924,0.4803270868188004,0.0,0.0,0.0,0.0,1.106259964716931,0.09808925300847164
WORKER.N.01,10.0,logmap_lr,adam,0.012160309750780134,0.0002586281833700673,0.011552103174229401,0.00034491043056890364,0.9981124033367837,0.0002790340190558479,0.9707454532560776,0.009131858764409986,0.8878923766816144,0.02496755319654714,0.9272879968644155,0.011766706004481271,0.015394923902995001,0.0010762319565955105,3.875730037689209,0.08321883623552105,3.875730037689209,0.08321883623552105,0.0,0.0,0.0,0.0,0.6025191131047904,0.03161733066492936
WORKER.N.01,10.0,logmap_lr,sgd,0.049942820804474965,4.497811611368458e-05,0.04948802913228667,0.00010051993806632128,0.9864214820678315,0.0,0.0,0.0,0.0,0.0,0.0,0.0,0.036269966889951565,0.0007207478288378085,0.708280344804128,0.005700107458916258,0.708280344804128,0.005700107458916258,0.0,0.0,0.0,0.0,0.5571349736613532,0.009136272734011635
